[
  {
    "index": 1,
    "orig": "Untitled folder/ACCESS REVIEW 2 FIRST GO.png",
    "renamed": "screenshots/01-access-review-2-first-go.png",
    "size_mb": 0.3
  },
  {
    "index": 2,
    "orig": "Untitled folder/access review results .png",
    "renamed": "screenshots/02-access-review-results.png",
    "size_mb": 0.19
  },
  {
    "index": 3,
    "orig": "Untitled folder/Active PIM.png",
    "renamed": "screenshots/03-active-pim.png",
    "size_mb": 0.26
  },
  {
    "index": 4,
    "orig": "Untitled folder/complete access review .png",
    "renamed": "screenshots/04-complete-access-review.png",
    "size_mb": 0.21
  },
  {
    "index": 5,
    "orig": "Untitled folder/PIM .png",
    "renamed": "screenshots/05-pim.png",
    "size_mb": 0.31
  },
  {
    "index": 6,
    "orig": "Untitled folder/Screenshot 2025-08-21 191935.png",
    "renamed": "screenshots/06-screenshot-2025-08-21-191935.png",
    "size_mb": 0.24
  },
  {
    "index": 7,
    "orig": "Untitled folder/Screenshot 2025-08-21 192113.png",
    "renamed": "screenshots/07-screenshot-2025-08-21-192113.png",
    "size_mb": 0.17
  },
  {
    "index": 8,
    "orig": "Untitled folder/Screenshot 2025-08-21 193910.png",
    "renamed": "screenshots/08-screenshot-2025-08-21-193910.png",
    "size_mb": 0.2
  },
  {
    "index": 9,
    "orig": "Untitled folder/Screenshot 2025-09-09 173755.png",
    "renamed": "screenshots/09-screenshot-2025-09-09-173755.png",
    "size_mb": 0.19
  },
  {
    "index": 10,
    "orig": "Untitled folder/Screenshot 2025-09-11 175539.png",
    "renamed": "screenshots/10-screenshot-2025-09-11-175539.png",
    "size_mb": 0.31
  }
]