[
  {
    "orig": "01-access-review-2-first-go.png",
    "optimized": "01-access-review-2-first-go.jpg",
    "orig_bytes": 309433,
    "opt_bytes": 129761
  },
  {
    "orig": "02-access-review-results.png",
    "optimized": "02-access-review-results.jpg",
    "orig_bytes": 194198,
    "opt_bytes": 86920
  },
  {
    "orig": "03-active-pim.png",
    "optimized": "03-active-pim.jpg",
    "orig_bytes": 274498,
    "opt_bytes": 113718
  },
  {
    "orig": "04-complete-access-review.png",
    "optimized": "04-complete-access-review.jpg",
    "orig_bytes": 223131,
    "opt_bytes": 91880
  },
  {
    "orig": "05-pim.png",
    "optimized": "05-pim.jpg",
    "orig_bytes": 320263,
    "opt_bytes": 147515
  },
  {
    "orig": "06-screenshot-2025-08-21-191935.png",
    "optimized": "06-screenshot-2025-08-21-191935.jpg",
    "orig_bytes": 250541,
    "opt_bytes": 144845
  },
  {
    "orig": "07-screenshot-2025-08-21-192113.png",
    "optimized": "07-screenshot-2025-08-21-192113.jpg",
    "orig_bytes": 180114,
    "opt_bytes": 106928
  },
  {
    "orig": "08-screenshot-2025-08-21-193910.png",
    "optimized": "08-screenshot-2025-08-21-193910.jpg",
    "orig_bytes": 210234,
    "opt_bytes": 129728
  },
  {
    "orig": "09-screenshot-2025-09-09-173755.png",
    "optimized": "09-screenshot-2025-09-09-173755.jpg",
    "orig_bytes": 194857,
    "opt_bytes": 86016
  },
  {
    "orig": "10-screenshot-2025-09-11-175539.png",
    "optimized": "10-screenshot-2025-09-11-175539.jpg",
    "orig_bytes": 320263,
    "opt_bytes": 147515
  }
]